<?xml version='1.0' encoding='utf-8' standalone='yes' ?>
<map>
    <int name="emoji_icon_color_picker" value="-16223243" />
    <boolean name="widget_my_name_no_check" value="false" />
    <int name="mic_circle_mod_picker" value="-1" />
    <int name="widget_contact_name_size_picker" value="18" />
    <boolean name="contact_status_color_check" value="true" />
    <boolean name="status_color_check" value="true" />
    <string name="edit_layout_gd_bg_mode">0</string>
    <boolean name="disable_headsup_notification_check" value="false" />
    <boolean name="hide_contact_global_status_check" value="false" />
    <int name="contact_name_color_picker" value="-16223243" />
    <int name="chats_label_text_color_picker" value="-16223243" />
    <int name="chats_name_with_msg_color_picker" value="-16777216" />
    <boolean name="chat_cam_longclick_device_cam_check" value="false" />
    <int name="pic_chat_size_picker" value="100" />
    <boolean name="no_light_prefs_theme_check" value="true" />
    <boolean name="hide_icon_check" value="false" />
    <int name="chat_attach_icons_holo_text_color_picker" value="-16223243" />
    <int name="green_bubble_color_picker" value="-16721075" />
    <int name="caption_color_picker" value="-16223243" />
    <int name="popup_header_size_picker" value="48" />
    <boolean name="chats_fab_mini_check" value="true" />
    <int name="samuh_ankde_pachal_picker" value="-16223243" />
    <int name="calls_name_color_picker" value="-16777216" />
    <boolean name="chats_date_pending_color_check" value="true" />
    <boolean name="profile_photo_wallpaper_check" value="false" />
    <int name="chats_group_names_color_picker" value="-11709617" />
    <boolean name="chats_hide_archived_chats_footer_check" value="false" />
    <boolean name="contacts_status_color_check" value="true" />
    <boolean name="chats_name_with_msg_color_check" value="true" />
    <int name="contacts_type_color_picker" value="-11709617" />
    <int name="video_resolution_H_picker" value="640" />
    <int name="rango_gol_adhisuchna_picker" value="-16223243" />
    <boolean name="emoji_bg_header_color_check" value="true" />
    <int name="callsui_sliderbg_color_picker" value="-1579033" />
    <boolean name="callsui_countertext_check" value="true" />
    <int name="chat_immersive_mode_sb_color_picker" value="-3421237" />
    <string name="contacts_header_gd_bg_mode">0</string>
    <boolean name="contacts_immersive_mode_color_check" value="true" />
    <boolean name="chats_header_title_color_check" value="true" />
    <int name="app_icon" value="2130839789" />
    <boolean name="chats_from_color_check" value="true" />
    <boolean name="camera_icon_color_check" value="true" />
    <boolean name="chats_header_subtitle_color_check" value="true" />
    <boolean name="chats_hide_fab3_check" value="false" />
    <int name="chats_contacts_names_color_picker" value="-16777216" />
    <int name="date_right_color_picker" value="-1776412" />
    <boolean name="chats_elapsed_time_check" value="false" />
    <boolean name="disable_icon_counter_check" value="false" />
    <string name="bubble_style_list">9</string>
    <int name="calls_date_color_picker" value="-11709617" />
    <int name="chat_photo_size_picker" value="35" />
    <string name="chats_header_gd_bg_mode">0</string>
    <boolean name="callsui_pagetitle_color_check" value="true" />
    <int name="callsui_tabindicator_color_picker" value="-16223243" />
    <boolean name="custom_wallpaper_check" value="false" />
    <boolean name="status_toast_check" value="false" />
    <boolean name="chat_hide_image_icon_check" value="false" />
    <boolean name="popup_footer_background_color_check" value="true" />
    <string name="appicons_list">0</string>
    <int name="widget_plus_name_size_picker" value="18" />
    <boolean name="disable_clean_checking_check" value="true" />
    <boolean name="chat_attach_icons_holo_color_check" value="true" />
    <int name="widget_date_size_picker" value="12" />
    <boolean name="widget_no_plus_status_icon_check" value="false" />
    <int name="chats_mic_new_icon_color_picker" value="-11709617" />
    <boolean name="chats_immersive_mode_color_check" value="true" />
    <int name="chats_immersive_mode_sb_color_picker" value="-3421237" />
    <boolean name="text_entry_color_check" value="true" />
    <boolean name="callsui_sliderbg_color_check" value="true" />
    <int name="chat_attach_icons_holo_color_picker" value="-16223243" />
    <string name="calls_gd_bg_odd_mode">0</string>
    <int name="contacts_photo_size_picker" value="50" />
    <int name="typing_color_picker" value="-11709617" />
    <boolean name="widget_plus_hide_counter_check" value="false" />
    <int name="chats_image_icon_color_picker" value="-11709617" />
    <boolean name="chats_floatingbtn_bg_color_check" value="true" />
    <boolean name="callsui_badgebg_color_check" value="true" />
    <int name="date_color_picker" value="-6182221" />
    <boolean name="calls_hide_divider_check" value="false" />
    <boolean name="chat_hide_call_icon_check" value="false" />
    <boolean name="chat_attach_bg_color_check" value="true" />
    <boolean name="chats_show_contact_online_toast_check" value="false" />
    <int name="widget_header_subtitle_size_picker" value="14" />
    <int name="contacts_floatingbtn_bg_color_picker" value="-1" />
    <boolean name="date_right_color_check" value="true" />
    <string name="Release">5.0.2</string>
    <boolean name="grey_bubble_color_check" value="true" />
    <boolean name="chats_msg_status_icon_color_check" value="true" />
    <int name="chats_msg_color_picker" value="-16223243" />
    <int name="chats_row_divider_picker" value="-11709617" />
    <int name="upload_size_limit_picker" value="30" />
    <boolean name="contacts_hide_divider_check" value="false" />
    <boolean name="message_link_color_check" value="true" />
    <boolean name="chats_label_text_color_check" value="true" />
    <boolean name="caption_color_check" value="true" />
    <int name="chats_date_pending_color_picker" value="-11709617" />
    <int name="popup_header_background_color_picker" value="-16223243" />
    <int name="chats_image_unread_icon_color_picker" value="-11709617" />
    <boolean name="chat_mantain_bubble_size_check" value="false" />
    <boolean name="status_read_color_check" value="true" />
    <boolean name="text_entry_bg_color_check" value="true" />
    <int name="chat_emoji_size_picker" value="0" />
    <boolean name="contacts_hide_search_icon_check" value="false" />
    <boolean name="chat_open_profile_pic_disabled_check" value="false" />
    <boolean name="chat_attach_icons_holo_check" value="false" />
    <boolean name="chats_row_divider_check" value="false" />
    <int name="left_message_text_color_picker" value="-16777216" />
    <int name="viewflipper_size_picker" value="260" />
    <int name="mic_icon_color_picker" value="-16223243" />
    <boolean name="chats_image_icon_color_check" value="true" />
    <int name="text_entry_color_picker" value="-16223243" />
    <boolean name="chats_disable_header_click_check" value="false" />
    <boolean name="contact_name_online_color_check" value="true" />
    <int name="popup_footer_background_color_picker" value="-16223243" />
    <boolean name="bold_names_check" value="false" />
    <boolean name="contact_name_color_check" value="true" />
    <boolean name="popup_send_icon_color_check" value="true" />
    <boolean name="chats_hide_floatingbtn_check" value="false" />
    <boolean name="emoji_bg_body_color_check" value="true" />
    <boolean name="chats_hide_search_icon_check" value="false" />
    <string name="calls_gd_bg_even_mode">0</string>
    <boolean name="chats_date_color_check" value="true" />
    <int name="emoji_selected_view_color_picker" value="-10066330" />
    <boolean name="chat_cam_click_device_cam_check" value="false" />
    <boolean name="chat_images_longclick_check" value="false" />
    <boolean name="chats_status_online_text_color_check" value="true" />
    <boolean name="chats_hide_mystatus_check" value="false" />
    <int name="conversations_photo_size_picker" value="50" />
    <string name="contacts_gd_bg_even_mode">0</string>
    <boolean name="right_message_text_color_check" value="true" />
    <boolean name="chats_show_my_name_check" value="true" />
    <boolean name="mic_icon_color_check" value="true" />
    <int name="contact_name_online_color_picker" value="-11709617" />
    <boolean name="chat_disable_animated_emojis_check" value="false" />
    <boolean name="mic_circle_mod_check" value="true" />
    <int name="emoji_selected_color_picker" value="-16223243" />
    <boolean name="chat_phone_pic_check" value="false" />
    <string name="notifybar_colors_list">0</string>
    <boolean name="chat_my_pic_group_check" value="false" />
    <int name="contacts_immersive_mode_sb_color_picker" value="-3421237" />
    <int name="chats_header_subtitle_color_picker" value="-16223243" />
    <boolean name="chat_contact_pic_check" value="false" />
    <boolean name="chat_attach_icons_holo_text_color_check" value="true" />
    <boolean name="no_media_info_check" value="false" />
    <boolean name="last_seen_color_check" value="true" />
    <boolean name="chat_my_pic_check" value="false" />
    <boolean name="widget_my_pic_no_check" value="false" />
    <int name="send_icon_color_picker" value="-16223243" />
    <boolean name="samuh_ankde_pachal_check" value="true" />
    <int name="message_link_color_picker" value="-16223243" />
    <string name="Model">SM-G9250</string>
    <boolean name="emoji_selected_color_check" value="true" />
    <boolean name="chats_image_unread_icon_color_check" value="true" />
    <boolean name="date_color_check" value="true" />
    <int name="emoji_bg_header_color_picker" value="-1" />
    <string name="header_gd_bg_mode">0</string>
    <int name="chats_header_icons_color_picker" value="-16223243" />
    <int name="chats_status_online_text_color_picker" value="-11709617" />
    <boolean name="chats_status_text_color_check" value="true" />
    <int name="chats_unread_msg_count_color_picker" value="-1" />
    <int name="chat_attach_bg_color_picker" value="0" />
    <boolean name="chats_hide_plus_icon_check" value="false" />
    <boolean name="contacts_type_color_check" value="true" />
    <boolean name="chats_show_newchat_icon_check" value="true" />
    <int name="callsui_countertext_picker" value="-1" />
    <string name="PLUSv">What</string>
    <boolean name="emoji_icon_color_check" value="true" />
    <boolean name="chat_hide_cam_icon_check" value="false" />
    <boolean name="contacts_photo_size_check" value="false" />
    <boolean name="chats_floatingbtn_pencil_color_check" value="true" />
    <int name="grey_bubble_color_picker" value="-1447699" />
    <boolean name="chats_immersive_mode_check" value="true" />
    <int name="widget_header_title_size_picker" value="18" />
    <int name="contacts_status_color_picker" value="-11709617" />
    <boolean name="background_color_check" value="true" />
    <int name="chats_header_background_color_picker" value="-1579033" />
    <boolean name="chats_hide_labels_check" value="false" />
    <boolean name="status_bar_extended_notify_check" value="false" />
    <boolean name="bold_names_contacts_check" value="true" />
    <boolean name="contacts_immersive_mode_check" value="true" />
    <int name="contacts_floatingbtn_search_color_picker" value="-16223243" />
    <boolean name="calls_date_color_check" value="true" />
    <boolean name="group_participant_pic_check" value="false" />
    <boolean name="contacts_floatingbtn_search_color_check" value="true" />
    <boolean name="is_group_chat" value="true" />
    <boolean name="callsui_tabindicator_color_check" value="true" />
    <boolean name="header_background_color_check" value="true" />
    <string name="chats_gd_bg_odd_mode">0</string>
    <int name="widget_message_size_picker" value="13" />
    <int name="chats_header_title_color_picker" value="-16223243" />
    <boolean name="chats_contacts_names_color_check" value="true" />
    <string name="chats_gd_bg_even_mode">0</string>
    <int name="header_background_color_picker" value="-1579033" />
    <int name="chats_immersive_mode_nav_color_picker" value="-3421237" />
    <boolean name="chats_hide_divider_check" value="false" />
    <string name="w_version">WhatsApp 1.99</string>
    <int name="chats_mic_played_icon_color_picker" value="-11709617" />
    <boolean name="chats_msg_color_check" value="true" />
    <boolean name="chat_stock_emoji_size_check" value="false" />
    <int name="calls_recent_icon_picker" value="-16223243" />
    <boolean name="6upaavo_naamane_taarikh" value="true" />
    <int name="contacts_status_lines_picker" value="2" />
    <boolean name="left_message_text_color_check" value="true" />
    <boolean name="chats_hide_fab2_check" value="false" />
    <boolean name="disable_launcher_icon_check" value="false" />
    <boolean name="popup_header_background_color_check" value="true" />
    <int name="chats_msg_status_icon_color_picker" value="-16223243" />
    <boolean name="chats_unread_msg_bg_color_check" value="true" />
    <boolean name="selectable_text_off_check" value="false" />
    <boolean name="chat_disable_sensor_action_check" value="false" />
    <boolean name="calls_bg_odd_color_check" value="true" />
    <int name="popup_send_icon_color_picker" value="-16223243" />
    <boolean name="contacts_floatingbtn_bg_color_check" value="true" />
    <int name="callsui_badgebg_color_picker" value="-16223243" />
    <boolean name="chats_hide_fab1_check" value="false" />
    <int name="contact_global_status_size_picker" value="13" />
    <int name="participant_name_color_picker" value="-11158409" />
    <boolean name="chats_mic_new_icon_color_check" value="true" />
    <int name="chats_status_text_color_picker" value="-11709617" />
    <boolean name="chat_immersive_mode_color_check" value="true" />
    <int name="online_color_picker" value="-11709617" />
    <int name="status_read_color_picker" value="-1" />
    <boolean name="chat_hide_contact_pic_check" value="false" />
    <string name="chats_show_contact_status_check_mode">0</string>
    <boolean name="contacts_back_to_contacts_check" value="false" />
    <int name="chat_immersive_mode_nav_color_picker" value="-3421237" />
    <int name="emoji_bg_body_color_picker" value="-1" />
    <string name="mulbhut_ui_array">1</string>
    <int name="last_seen_color_picker" value="-11709617" />
    <int name="chats_date_color_picker" value="-11709617" />
    <boolean name="chat_immersive_mode_check" value="true" />
    <boolean name="chats_mic_played_icon_color_check" value="true" />
    <int name="chats_from_color_picker" value="-11709617" />
    <boolean name="rango_gol_adhisuchna_check" value="true" />
    <int name="image_icon_color_picker" value="-16223243" />
    <string name="w_l">16205843</string>
    <boolean name="bold_names_chats_check" value="false" />
    <int name="chats_unread_msg_bg_color_picker" value="-16223243" />
    <int name="chats_mic_icon_color_picker" value="-11709617" />
    <string name="contacts_gd_bg_odd_mode">0</string>
    <boolean name="contacts_hide_floatingbtn_check" value="false" />
    <int name="square_photo_ratio_picker" value="4" />
    <boolean name="video_resolution_H_check" value="false" />
    <int name="chats_mute_icon_color_picker" value="-11709617" />
    <boolean name="hide_share_music_option_check" value="false" />
    <boolean name="conversations_photo_size_check" value="false" />
    <int name="status_color_picker" value="-16223243" />
    <boolean name="emoji_selected_view_color_check" value="true" />
    <boolean name="chats_unread_msg_count_color_check" value="true" />
    <boolean name="typing_color_check" value="true" />
    <int name="right_message_text_color_picker" value="-1" />
    <boolean name="chats_floating_menu_check" value="false" />
    <boolean name="voice_notes_disabled_check" value="false" />
    <boolean name="send_icon_color_check" value="true" />
    <int name="camera_icon_color_picker" value="-16223243" />
    <int name="contact_status_color_picker" value="-11709617" />
    <boolean name="chats_header_icons_color_check" value="true" />
    <int name="chats_floatingbtn_pencil_color_picker" value="-16223243" />
    <boolean name="calls_name_color_check" value="true" />
    <boolean name="green_bubble_color_check" value="true" />
    <int name="text_entry_bg_color_picker" value="0" />
    <boolean name="image_icon_color_check" value="true" />
    <boolean name="participant_name_color_check" value="true" />
    <string name="background_gd_bg_mode">0</string>
    <int name="contact_global_status_color_picker" value="-16223243" />
    <int name="contacts_immersive_mode_nav_color_picker" value="-3421237" />
    <boolean name="contact_global_status_color_check" value="true" />
    <boolean name="calls_recent_icon_check" value="true" />
    <boolean name="chats_mic_icon_color_check" value="true" />
    <boolean name="chats_group_names_color_check" value="true" />
    <int name="popup_photo_size_picker" value="45" />
    <boolean name="chats_header_background_color_check" value="true" />
    <boolean name="online_color_check" value="true" />
    <boolean name="chats_mute_icon_color_check" value="true" />
    <int name="clean_checking_limit_picker" value="100" />
    <int name="callsui_pagetitle_color_picker" value="-16223243" />
</map>
